{
  "hash": "39542968",
  "configHash": "1083dce3",
  "lockfileHash": "a199024c",
  "browserHash": "1afc727b",
  "optimized": {
    "@angular/core": {
      "src": "../../../../../node_modules/@angular/core/fesm2022/core.mjs",
      "file": "@angular_core.js",
      "fileHash": "135f948d",
      "needsInterop": false
    },
    "@angular/platform-browser": {
      "src": "../../../../../node_modules/@angular/platform-browser/fesm2022/platform-browser.mjs",
      "file": "@angular_platform-browser.js",
      "fileHash": "b16a3afb",
      "needsInterop": false
    },
    "@angular/router": {
      "src": "../../../../../node_modules/@angular/router/fesm2022/router.mjs",
      "file": "@angular_router.js",
      "fileHash": "c8207c8a",
      "needsInterop": false
    }
  },
  "chunks": {
    "chunk-2NNOKNIP": {
      "file": "chunk-2NNOKNIP.js"
    },
    "chunk-BMYWVJG5": {
      "file": "chunk-BMYWVJG5.js"
    }
  }
}